new_cate,junction,gene,strand
Intermediate,chr16:70272882-70276486,AARS1,-
Intermediate,chr16:70271972-70272796,AARS1,-
Intermediate,chr9:137023840-137024143,ABCA2,-
Late,chrX:153740237-153740305,ABCD1,+
Late,chrX:153740439-153740574,ABCD1,+
Early,chr10:26755741-26759062,ABI1,-
Early,chr10:26751783-26755655,ABI1,-
Late,chr2:203380384-203382189,ABI2,+
Late,chr2:203382206-203391046,ABI2,+
Early,chr17:1073677-1079330,ABR,-
Early,chr12:111690553-111691059,ACAD10,+
Late,chr3:195320813-195325444,ACAP2,-
Early,chr1:54599415-54600963,ACOT11,+
Late,chrX:23734367-23735919,ACOT9,-
Late,chrX:23733217-23734341,ACOT9,-
Early,chr17:50461686-50461820,ACSF2,+
Early,chr17:50461885-50462184,ACSF2,+
Early,chr7:100650643-100655019,ACTL6B,-
Early,chr7:100650135-100650575,ACTL6B,-
Late,chr19:38710342-38714469,ACTN4,+
Early,chr12:51960187-51975265,ACVR1B,+
Early,chr7:45622743-45625299,ADCY1,+
Early,chr7:45625377-45648670,ADCY1,+
Early,chr7:45625430-45648670,ADCY1,+
Early,chr16:50246203-50246881,ADCY7,+
Early,chr16:50247109-50287912,ADCY7,+
Intermediate,chr7:31100210-31103237,ADCYAP1R1,+
Early,chr7:31078098-31084141,ADCYAP1R1,+
Late,chr1:31728081-31728182,ADGRB2,-
Late,chr1:31727605-31728025,ADGRB2,-
Early,chr6:69076038-69233290,ADGRB3,+
Late,chr1:81952142-81952987,ADGRL2,+
Late,chr1:81942045-81942969,ADGRL2,+
Late,chr1:81953025-81955877,ADGRL2,+
Early,chr7:100555735-100556594,AGFG2,+
Early,chr6:161153499-161166248,AGPAT4,-
Early,chr1:1044440-1044887,AGRN,+
Early,chr1:1044439-1044892,AGRN,+
Early,chr1:1044987-1045161,AGRN,+
Early,chr1:1044988-1045160,AGRN,+
Intermediate,chr15:85496974-85521428,AKAP13,+
Late,chr1:243523467-243545510,AKT3,-
Late,chr1:243512426-243523309,AKT3,-
Early,chr12:85286981-85295668,ALX1,+
Early,chr17:64974641-64975560,AMZ2P1,-
Early,chr4:113149205-113151080,ANK2,+
Late,chr2:97549614-97551289,ANKRD36B,-
Early,chr2:95908697-95910373,ANKRD36C,-
Intermediate,chr14:102508549-102508641,ANKRD9,-
Early,chr16:71808150-71808505,AP1G1,-
Intermediate,chr14:23567319-23567597,AP1G2,-
Intermediate,chr10:48451628-48453300,ARHGAP22,-
Early,chr10:48583510-48604763,ARHGAP22,-
Early,chr10:48583152-48583378,ARHGAP22,-
Early,chr10:48555550-48604763,ARHGAP22,-
Intermediate,chr5:143214088-143216187,ARHGAP26,+
Early,chr11:128992046-128998319,ARHGAP32,-
Late,chr5:54171928-54242070,ARL15,-
Late,chr2:9335179-9336036,ASAP2,+
Late,chr2:9336044-9344532,ASAP2,+
Intermediate,chr2:219532939-219535171,ASIC4,+
Early,chr2:241668685-241668875,ATG4B,+
Early,chr2:241651335-241653307,ATG4B,+
Early,chr2:241668985-241670726,ATG4B,+
Early,chr2:241653369-241653512,ATG4B,+
Early,chr3:10385327-10388277,ATP2B2,-
Early,chr18:79277196-79303604,ATP9B,+
Intermediate,chr7:70766355-70768024,AUTS2,+
Late,chr7:70435781-70698569,AUTS2,+
Early,chr21:29194260-29218861,BACH1,+
Late,chr22:17702386-17722274,BCL2L13,+
Early,chr11:118910015-118918826,BCL9L,-
Early,chr10:58798560-58800194,BICC1,+
Intermediate,chr17:67875020-67886128,BPTF,+
Late,chr6:32974765-32975021,BRD2,+
Late,chr6:32975112-32975384,BRD2,+
Early,chr5:138159599-138160069,BRD8,-
Early,chr5:138157267-138159555,BRD8,-
Early,chr15:75208876-75210749,C15orf39,+
Early,chr1:197903119-197905796,C1orf53,+
Early,chr4:86890158-86891456,C4orf36,-
Early,chr4:86888275-86890048,C4orf36,-
Late,chr5:127051947-127052613,C5orf63,-
Late,chr6:10683232-10684849,C6orf52,-
Late,chr9:138059737-138069758,CACNA1B,+
Late,chr9:138069763-138073488,CACNA1B,+
Late,chr7:81983334-81984635,CACNA2D1,-
Late,chr7:81982627-81983314,CACNA2D1,-
Intermediate,chr3:50373085-50374737,CACNA2D2,-
Intermediate,chr3:50370380-50373065,CACNA2D2,-
Early,chr3:85961647-85979164,CADM2,+
Early,chr3:85979283-86065605,CADM2,+
Intermediate,chr7:44220901-44222117,CAMK2B,-
Intermediate,chr12:121240869-121244573,CAMKK2,-
Late,chr19:48241063-48246075,CARD8,-
Intermediate,chrX:41553915-41555600,CASK,-
Intermediate,chrX:41555635-41559779,CASK,-
Early,chr19:1235342-1235501,CBARP,-
Early,chr22:20149640-20149955,CCDC188,-
Early,chr15:74209534-74243985,CCDC33,+
Intermediate,chr15:74212277-74243985,CCDC33,+
Early,chr17:82178605-82179027,CCDC57,-
Early,chr14:23052083-23052473,CDH24,-
Early,chr14:23050140-23051969,CDH24,-
Intermediate,chr16:4514664-4538325,CDIP1,-
Early,chr9:120404113-120408347,CDK5RAP2,-
Late,chr5:69261458-69262205,CDK7,+
Late,chr6:21200892-21201110,CDKAL1,+
Early,chr5:115813954-115816228,CDO1,-
Early,chr5:115813258-115813898,CDO1,-
Late,chr19:3286025-3286224,CELF5,+
Early,chr3:48650289-48650480,CELSR3,-
Early,chr3:48649215-48650275,CELSR3,-
Late,chr11:119011311-119011939,CENATAC,+
Late,chr14:104865513-104876256,CEP170B,+
Late,chr12:88086742-88087780,CEP290,-
Late,chr12:88086789-88087780,CEP290,-
Early,chr4:174316290-174316530,CEP44,+
Early,chr4:174316567-174317335,CEP44,+
Early,chr5:647916-648100,CEP72,+
Early,chr5:648223-652988,CEP72,+
Late,chr2:168766345-168769510,CERS6,+
Late,chr20:5912706-5914618,CHGB,+
Late,chr20:5912706-5916326,CHGB,+
Late,chr11:900980-902148,CHID1,-
Intermediate,chr17:7446113-7446398,CHRNB1,+
Intermediate,chr2:121445496-121447337,CLASP1,-
Intermediate,chr2:121427430-121430073,CLASP1,-
Intermediate,chr2:121425306-121427404,CLASP1,-
Intermediate,chr2:121430177-121444939,CLASP1,-
Late,chr3:33574496-33576169,CLASP2,-
Late,chr3:33573354-33574473,CLASP2,-
Late,chr3:33644903-33658974,CLASP2,-
Intermediate,chr3:170423327-170432279,CLDN11,+
Early,chr12:122334705-122336632,CLIP1,-
Early,chr8:138878316-138913619,COL22A1,-
Early,chr16:4367442-4387986,CORO7-PAM16,-
Late,chrX:100828102-100830808,CSTF2,+
Late,chrX:100830867-100831515,CSTF2,+
Intermediate,chr11:57806035-57806461,CTNND1,+
Intermediate,chr3:51483836-51499873,DCAF1,-
Late,chr2:74363628-74365075,DCTN1,-
Late,chr2:74363427-74363614,DCTN1,-
Early,chr6:30884710-30885625,DDR1,+
Early,chr6:30885680-30888688,DDR1,+
Late,chr1:197560874-197583152,DENND1B,-
Early,chr11:8780251-8811247,DENND2B,-
Intermediate,chr11:8750725-8776192,DENND2B,-
Early,chr11:8750725-8780133,DENND2B,-
Early,chr22:50316712-50317293,DENND6B,-
Late,chr7:137487689-137493783,DGKI,-
Late,chr8:13585926-13604537,DLC1,-
Late,chr10:77793235-77794008,DLG5,-
Late,chr10:77792543-77793165,DLG5,-
Late,chr7:769205-770471,DNAAF5,+
Late,chr20:3344699-3348525,DNAAF9,-
Late,chr20:3343731-3344641,DNAAF9,-
Early,chr20:63931022-63931109,DNAJC5,+
Early,chr20:63931182-63931465,DNAJC5,+
Early,chr9:128250940-128253047,DNM1,+
Early,chr9:128253137-128254006,DNM1,+
Late,chr12:32737161-32737865,DNM1L,+
Intermediate,chr2:25237276-25239130,DNMT3A,-
Intermediate,chr2:25237005-25237139,DNMT3A,-
Early,chr10:127381368-127381953,DOCK1,+
Early,chr10:127257429-127272011,DOCK1,+
Early,chr10:127382041-127384790,DOCK1,+
Late,chr1:62487412-62488934,DOCK7,-
Late,chr1:62477825-62487398,DOCK7,-
Intermediate,chr1:62543745-62552732,DOCK7,-
Early,chr12:63621337-63624040,DPY19L2,-
Intermediate,chr1:111119959-111120516,DRAM2,-
Early,chr6:56529774-56529974,DST,-
Early,chr6:56463156-56463565,DST,-
Early,chr6:56528925-56529448,DST,-
Intermediate,chr2:25419535-25427535,DTNB,-
Intermediate,chr2:25388361-25419515,DTNB,-
Intermediate,chr7:96039421-96041462,DYNC1I1,+
Late,chr7:96061328-96076057,DYNC1I1,+
Early,chr2:11453798-11457179,E2F6,-
Early,chr10:129840334-129842116,EBF3,-
Early,chr19:47724741-47725812,EHD2,+
Intermediate,chr9:137778055-137790848,EHMT1,+
Late,chr3:186787882-186788310,EIF4A2,+
Late,chr3:184316218-184316713,EIF4G1,+
Late,chr3:184316733-184317321,EIF4G1,+
Early,chr19:11463662-11466172,ELAVL3,-
Early,chr19:11458611-11463496,ELAVL3,-
Intermediate,chr1:23772426-23778199,ELOA-AS1,-
Late,chr2:42256630-42261121,EML4,+
Late,chr17:80429831-80436133,ENDOV,+
Early,chr12:131981596-131982093,EP400,+
Early,chr12:131992230-132005077,EP400,+
Late,chr1:29058645-29058811,EPB41,+
Late,chr1:29058852-29060422,EPB41,+
Late,chr20:36194360-36195329,EPB41L1,+
Late,chr20:36195364-36197859,EPB41L1,+
Early,chr5:112267284-112275326,EPB41L4A,-
Early,chr5:112266330-112267210,EPB41L4A,-
Intermediate,chr18:45901167-45903940,EPG5,-
Early,chr21:38806808-38810035,ETS2,+
Early,chr17:76089320-76094414,EXOC7,-
Late,chrX:154863227-154896077,F8,-
Late,chr2:95402992-95405277,FAHD2A,+
Early,chr5:154037455-154038388,FAM114A2,-
Early,chr5:154037455-154038293,FAM114A2,-
Early,chr9:133580246-133609077,FAM163B,-
Early,chr9:61856814-61917468,FAM27C,+
Early,chr12:8188535-8193520,FAM66C,+
Early,chr12:8193655-8194203,FAM66C,+
Early,chr8:12144875-12145423,FAM66D,+
Late,chr9:95111345-95111463,FANCC,-
Late,chr2:58217434-58221942,FANCL,-
Intermediate,chr12:132508350-132525734,FBRSL1,+
Early,chr8:431444-432886,FBXO25,+
Early,chr8:432935-435615,FBXO25,+
Late,chr1:11658393-11658533,FBXO44,+
Late,chr1:11658628-11658736,FBXO44,+
Intermediate,chr11:125489822-125495836,FEZ1,-
Late,chr12:26957743-26963342,FGFR1OP2,+
Early,chr5:177089693-177089858,FGFR4,+
Early,chr5:177089940-177090390,FGFR4,+
Intermediate,chr4:158833628-158833801,FNIP2,+
Intermediate,chr4:158833890-158835405,FNIP2,+
Intermediate,chr2:48334678-48346201,FOXN2,+
Late,chr14:30559272-30563746,G2E3,+
Early,chr8:11698411-11700508,GATA4,+
Late,chr1:155217373-155217519,GBAP1,-
Early,chr12:109945349-109947256,GIT2,-
Early,chr12:109939247-109942842,GIT2,-
Intermediate,chr22:19824077-19854443,GNB1L,-
Intermediate,chr22:19821375-19823987,GNB1L,-
Early,chr19:46634725-46636050,GNG8,-
Early,chrX:53049484-53070988,GPR173,+
Early,chr1:108885578-108896317,GPSM2,+
Early,chr1:108896431-108896864,GPSM2,+
Early,chr16:46900883-46906842,GPT2,+
Late,chr1:52606260-52606684,GPX7,+
Early,chr19:35000486-35001098,GRAMD1A,+
Early,chr19:35001244-35009119,GRAMD1A,+
Late,chr2:11580832-11588746,GREB1,+
Early,chr4:157220725-157221667,GRIA2,+
Intermediate,chr1:109670234-109671287,GSTM2,+
Intermediate,chr15:42563857-42565446,HAUS2,+
Intermediate,chr15:42565880-42566607,HAUS2,+
Early,chr19:4491835-4492015,HDGFL2,+
Early,chr19:4492152-4493703,HDGFL2,+
Late,chr15:28196354-28198378,HERC2,-
Early,chr7:139614493-139620401,HIPK2,-
Intermediate,chr7:26190460-26190993,HNRNPA2B1,-
Early,chr19:12774897-12778300,HOOK2,-
Late,chr16:22815095-22854664,HS3ST2,+
Early,chr13:96091569-96095910,HS6ST3,+
Late,chr11:1748119-1750359,IFITM10,-
Intermediate,chr3:129483682-129483926,IFT122,+
Intermediate,chr3:129484024-129488257,IFT122,+
Intermediate,chr3:160381724-160384564,IFT80,-
Intermediate,chr11:2135529-2138229,IGF2,-
Intermediate,chr4:57201820-57203508,IGFBP7-AS1,+
Intermediate,chr4:57203595-57204478,IGFBP7-AS1,+
Early,chr19:51320670-51322064,IGLON5,+
Late,chr12:56021580-56025054,IKZF4,+
Intermediate,chr11:31463305-31469740,IMMP1L,-
Late,chr2:190362687-190365113,INPP1,+
Early,chr19:7169831-7170537,INSR,-
Intermediate,chr3:48694824-48695090,IP6K2,-
Intermediate,chr7:2559217-2564878,IQCE,+
Intermediate,chr7:2565071-2567116,IQCE,+
Early,chr12:43759016-43760925,IRAK4,+
Early,chr15:76336941-76340276,ISL2,+
Early,chr15:74128307-74130554,ISLR2,+
Early,chr15:74130665-74131207,ISLR2,+
Late,chr19:55455845-55456349,ISOC2,-
Late,chr19:55455330-55455636,ISOC2,-
Early,chr20:63439708-63444659,KCNQ2,-
Late,chr9:135786521-135791797,KCNT1,+
Early,chr19:33799719-33800137,KCTD15,+
Intermediate,chr19:33799718-33800138,KCTD15,+
Intermediate,chr19:33798766-33799594,KCTD15,+
Late,chr19:33798390-33798668,KCTD15,+
Intermediate,chr19:33800186-33800428,KCTD15,+
Early,chr19:33800189-33800427,KCTD15,+
Late,chr19:33798767-33799593,KCTD15,+
Early,chr6:18213782-18214505,KDM1B,+
Early,chr6:18214679-18215006,KDM1B,+
Intermediate,chr17:6580975-6589779,KIAA0753,-
Intermediate,chr17:6579864-6580932,KIAA0753,-
Early,chr4:122325320-122325855,KIAA1109,+
Early,chr4:122325917-122328104,KIAA1109,+
Early,chr17:5014837-5019849,KIF1C,+
Early,chr17:5019871-5019996,KIF1C,+
Late,chr12:39370261-39386971,KIF21A,-
Late,chr12:39326324-39330746,KIF21A,-
Intermediate,chr15:69423329-69425282,KIF23,+
Intermediate,chr15:69425323-69426070,KIF23,+
Early,chr3:47283094-47287220,KLHL18,+
Early,chr11:75425581-75426483,KLHL35,-
Early,chr19:55342380-55342742,KMT5C,+
Early,chr17:27617428-27623314,KSR1,+
Late,chrX:65524262-65524564,LAS1L,-
Intermediate,chr5:78647574-78648499,LHFPL2,-
Early,chr7:39779385-39780503,LINC00265,+
Early,chr14:47768910-47789906,LINC00648,-
Late,chr19:27727979-27732796,LINC00662,-
Early,chr2:242114741-242116183,LINC01881,+
Early,chr2:242116232-242118965,LINC01881,+
Early,chr2:65051337-65055915,LINC02245,-
Early,chr2:65048212-65051279,LINC02245,-
Late,chr16:911079-933991,LMF1,-
Early,chr1:53274820-53275631,LRP8,-
Early,chr1:53271346-53274643,LRP8,-
Early,chr2:237756187-237758729,LRRFIP1,+
Late,chr16:228402-229279,LUC7L,-
Early,chr1:39427614-39427961,MACF1,+
Early,chr1:39428287-39429242,MACF1,+
Early,chr11:47325032-47326544,MADD,+
Early,chr11:47325032-47326738,MADD,+
Early,chr11:47325032-47328658,MADD,+
Intermediate,chr15:90902526-90903231,MAN2A2,+
Early,chrX:20050946-20052878,MAP7D2,-
Early,chrX:20044524-20050824,MAP7D2,-
Early,chr10:48424585-48425888,MAPK8,+
Early,chr10:48420320-48424514,MAPK8,+
Early,chr16:1745103-1747029,MAPK8IP3,+
Early,chr5:180287067-180291848,MAPK9,-
Early,chr5:180280608-180286975,MAPK9,-
Intermediate,chr12:116054357-116096669,MED13L,-
Intermediate,chr12:116022601-116054245,MED13L,-
Intermediate,chr15:37096430-37097934,MEIS2,-
Intermediate,chr15:37095614-37099455,MEIS2,-
Late,chr16:635774-636094,METTL26,-
Early,chr2:171392197-171433026,METTL8,-
Late,chr17:76737091-76738282,MFSD11,+
Early,chr2:190499856-190500015,MFSD6,+
Intermediate,chr5:180809076-180809795,MGAT1,-
Early,chr17:76933297-76937229,MGAT5B,+
Early,chr17:76937368-76937988,MGAT5B,+
Intermediate,chr16:2205875-2206031,MLST8,+
Late,chr17:2388049-2400640,MNT,-
Early,chr17:43884155-43898262,MPP2,-
Early,chr17:43883355-43884084,MPP2,-
Intermediate,chr1:167773368-167776064,MPZL1,+
Intermediate,chr1:167776166-167787820,MPZL1,+
Late,chr14:105468349-105469467,MTA1,+
Early,chr2:241099894-241102253,MTERF4,-
Early,chr5:7878322-7885701,MTRR,+
Intermediate,chr16:70669046-70674306,MTSS2,-
Intermediate,chr16:70666396-70668999,MTSS2,-
Late,chr12:109594903-109595028,MVK,+
Early,chr4:676209-677922,MYL5,+
Early,chr4:678029-678658,MYL5,+
Late,chr12:56160320-56160626,MYL6,+
Intermediate,chr17:29131442-29165942,MYO18A,-
Intermediate,chr17:29122253-29124653,MYO18A,-
Intermediate,chr17:29122253-29131383,MYO18A,-
Intermediate,chr19:17203004-17203147,MYO9B,+
Late,chr11:71499039-71501302,NADSYN1,+
Early,chr1:201803714-201804489,NAV1,+
Early,chr1:201804497-201807953,NAV1,+
Late,chr11:20051333-20054080,NAV2,+
Late,chr13:35452235-35472400,NBEA,+
Intermediate,chr1:16607691-16608508,NBPF1,-
Early,chr11:113235164-113246368,NCAM1,+
Early,chr11:113246370-113255877,NCAM1,+
Late,chr7:158646563-158652293,NCAPG2,-
Intermediate,chr2:24762776-24768079,NCOA1,+
Intermediate,chr2:24768135-24768221,NCOA1,+
Early,chr6:125885343-125888939,NCOA7,+
Early,chr4:169508331-169537809,NEK1,-
Ambiguous,chr19:13024034-13024535,NFIX,+
Ambiguous,chr19:13024723-13025021,NFIX,+
Ambiguous,chr19:13024719-13025021,NFIX,+
Early,chr16:14724523-14725020,NPIPA3,+
Late,chr16:21419766-21424979,NPIPB3,-
Early,chr8:31640729-31708272,NRG1,+
Late,chr10:121971069-121973523,NSMCE4A,-
Late,chr17:30118173-30163067,NSRP1,+
Late,chr11:72012442-72012895,NUMA1,-
Intermediate,chr9:128952846-128956141,NUP188,+
Late,chr9:128948628-128949189,NUP188,+
Intermediate,chr9:128956174-128956350,NUP188,+
Early,chr14:24411450-24412644,NYNRIN,+
Early,chr14:24411451-24412593,NYNRIN,+
Early,chr14:24412691-24412997,NYNRIN,+
Late,chr1:228224544-228244382,OBSCN,+
Intermediate,chr10:49749816-49750839,OGDHL,-
Intermediate,chr10:49738262-49739661,OGDHL,-
Intermediate,chr10:49747208-49749726,OGDHL,-
Late,chr9:135088139-135090195,OLFM1,+
Late,chr22:30881802-30887426,OSBP2,+
Early,chr10:133389747-133390907,PAOX,+
Early,chr10:133391154-133391312,PAOX,+
Intermediate,chr21:45755452-45788298,PCBP3,+
Intermediate,chr19:33501001-33507343,PEPD,-
Early,chr10:3099352-3099557,PFKP,+
Early,chr10:3099819-3101365,PFKP,+
Early,chr10:3125249-3129819,PFKP,+
Late,chr9:93660560-93661348,PHF2,+
Late,chr9:93661647-93662906,PHF2,+
Early,chr11:118644174-118644647,PHLDB1,+
Intermediate,chr19:14446561-14450088,PKN1,+
Late,chr19:43667691-43668277,PLAUR,-
Late,chr2:218622228-218622647,PLCD4,+
Early,chr10:122427031-122428276,PLEKHA1,+
Early,chr10:122428316-122429624,PLEKHA1,+
Late,chr17:64786724-64787112,PLEKHM1P1,-
Intermediate,chr1:15719920-15721329,PLEKHM2,+
Intermediate,chr1:15721388-15725317,PLEKHM2,+
Late,chr17:7392978-7393467,PLSCR3,-
Late,chr6:99403882-99404603,PNISR,-
Early,chr22:42599793-42602770,POLDIP3,-
Intermediate,chr10:101584919-101587246,POLL,-
Early,chrX:48512719-48514127,PORCN,+
Late,chr19:49146005-49146166,PPFIA3,+
Early,chr12:27676599-27677064,PPFIBP1,+
Early,chr12:27677096-27679489,PPFIBP1,+
Early,chr1:39522505-39523562,PPIEL,-
Late,chr5:103187376-103190842,PPIP5K2,+
Early,chr17:76543121-76543803,PRCD,+
Early,chr18:12430293-12431149,PRELID3A,+
Early,chr18:12430292-12431150,PRELID3A,+
Late,chr7:716846-727210,PRKAR1B,-
Intermediate,chr5:120618565-120672016,PRR16,+
Intermediate,chr5:120464645-120672016,PRR16,+
Intermediate,chr5:120672228-120685954,PRR16,+
Late,chr7:128360063-128361306,PRRT4,-
Early,chr9:76638288-76641790,PRUNE2,-
Early,chr9:76638289-76641789,PRUNE2,-
Late,chr10:71823896-71825837,PSAP,-
Late,chr10:71822007-71823888,PSAP,-
Intermediate,chr10:102418046-102418701,PSD,-
Late,chr16:57173869-57185736,PSME3IP1,-
Intermediate,chr4:86751124-86753009,PTPN13,+
Intermediate,chr4:86753065-86758260,PTPN13,+
Early,chr1:43592601-43598720,PTPRF,+
Late,chr18:7946977-7949181,PTPRM,+
Late,chr2:219297433-219297885,PTPRN,-
Late,chr19:5231615-5238919,PTPRS,-
Intermediate,chr19:5222220-5222689,PTPRS,-
Late,chr5:160105676-160108545,PWWP2A,-
Intermediate,chr2:1650886-1653628,PXDN,-
Intermediate,chr2:1649675-1650800,PXDN,-
Early,chr13:110542022-110561348,RAB20,-
Early,chr13:110524197-110541889,RAB20,-
Intermediate,chr22:20122421-20122580,RANBP1,+
Intermediate,chr22:20122697-20125308,RANBP1,+
Late,chr22:20118313-20119013,RANBP1,+
Early,chr1:21598820-21599494,RAP1GAP,-
Early,chr1:21598502-21598723,RAP1GAP,-
Early,chr17:40178381-40181616,RAPGEFL1,+
Late,chr13:113992184-113992485,RASA3,-
Intermediate,chr20:419731-420871,RBCK1,+
Late,chr8:85214631-85214921,RBIS,-
Early,chrX:107113468-107115352,RBM41,-
Early,chrX:107088839-107113397,RBM41,-
Late,chr3:29616479-29617621,RBMS3-AS2,-
Early,chr3:15096710-15099035,RBSN,-
Early,chr1:211482314-211483119,RD3,-
Early,chr1:211483451-211491768,RD3,-
Early,chr1:211481429-211482271,RD3,-
Intermediate,chr17:35922675-35924604,RDM1,-
Early,chr19:1496453-1496591,REEP6,+
Early,chr19:1496671-1497174,REEP6,+
Late,chr4:37631523-37632552,RELL1,-
Intermediate,chr12:130428337-130434734,RIMBP2,-
Late,chr8:104148848-104244916,RIMS2,+
Early,chr1:145788802-145788908,RNF115,-
Early,chr1:145784596-145788612,RNF115,-
Late,chr2:7030215-7045356,RNF144A,+
Early,chr12:116779348-116788636,RNFT2,+
Early,chr3:78647655-78651732,ROBO1,-
Early,chr3:78646190-78647629,ROBO1,-
Late,chr16:53623000-53636439,RPGRIP1L,-
Late,chr17:80892869-80908811,RPTOR,+
Intermediate,chr11:77813787-77820528,RSF1,-
Late,chr19:12829997-12830612,RTBDN,-
Early,chr10:68376972-68379424,RUFY2,-
Early,chr4:70789592-70793785,RUFY3,+
Early,chr6:116571655-116572858,RWDD1,+
Early,chr6:116572985-116574058,RWDD1,+
Intermediate,chr22:50467001-50467338,SBF1,-
Intermediate,chr22:50466710-50466978,SBF1,-
Early,chr15:75009940-75011792,SCAMP5,+
Intermediate,chr12:124782811-124786357,SCARB1,-
Intermediate,chr12:124778586-124782683,SCARB1,-
Early,chr3:42553448-42555930,SEC22C,-
Early,chr3:50174350-50175096,SEMA3F,+
Late,chrX:119625379-119629318,SEPTIN6,-
Early,chr7:45735670-45736787,SEPTIN7P2,-
Early,chr7:45728313-45735607,SEPTIN7P2,-
Early,chr11:17846761-17863566,SERGEF,-
Early,chr3:9468615-9470459,SETD5,+
Late,chr7:94587812-94588689,SGCE,-
Late,chr7:94585515-94587778,SGCE,-
Late,chr5:172356774-172358773,SH3PXD2B,-
Late,chr5:172354005-172356691,SH3PXD2B,-
Early,chr22:50706152-50711615,SHANK3,+
Early,chr22:50711638-50714917,SHANK3,+
Late,chr20:5773043-5773132,SHLD1,+
Late,chr10:116889279-116901765,SHTN1,-
Late,chr10:116886566-116889094,SHTN1,-
Early,chr19:37907358-38008096,SIPA1L3,+
Early,chr19:38008195-38029089,SIPA1L3,+
Late,chr5:127992633-128061144,SLC12A2-DT,-
Early,chr5:1056596-1057471,SLC12A7,-
Early,chr5:1053482-1056582,SLC12A7,-
Late,chr21:45511223-45525817,SLC19A1,-
Early,chr14:100295993-100298842,SLC25A29,-
Early,chr14:100293377-100295626,SLC25A29,-
Late,chr17:8290976-8291333,SLC25A35,-
Late,chr5:151449689-151458788,SLC36A1,+
Intermediate,chr4:102315830-102324250,SLC39A8,-
Intermediate,chr1:155136376-155136828,SLC50A1,+
Intermediate,chr1:155136951-155137561,SLC50A1,+
Early,chr20:49849680-49850810,SLC9A8,+
Early,chr20:49850844-49855438,SLC9A8,+
Early,chr4:103065768-103066327,SLC9B2,-
Late,chr5:168844655-168883265,SLIT3,-
Late,chr3:57923023-57927296,SLMAP,+
Intermediate,chr19:11033517-11033767,SMARCA4,+
Intermediate,chr19:11033865-11034123,SMARCA4,+
Intermediate,chr7:151245671-151275114,SMARCD3,-
Intermediate,chr16:21487616-21495171,SMG1P3,-
Late,chr2:130161272-130164374,SMPD4,-
Intermediate,chr20:10284772-10293161,SNAP25,+
Intermediate,chr20:10293278-10296925,SNAP25,+
Intermediate,chr5:176629965-176630280,SNCB,-
Early,chr20:38421098-38425935,SNHG17,-
Early,chr20:38421098-38426419,SNHG17,-
Early,chr15:82756785-82756904,SNHG21,+
Early,chr17:47918571-47929821,SP2-AS1,-
Ambiguous,chr2:219464608-219467174,SPEG,+
Late,chr12:120765070-120767394,SPPL3,-
Intermediate,chr5:142346467-142353226,SPRY4-AS1,+
Late,chr6:89107258-89117823,SRSF12,-
Late,chr17:29925555-29929938,SSH2,-
Early,chrX:124090764-124090854,STAG2,+
Early,chrX:124090964-124094018,STAG2,+
Early,chr2:218685228-218688391,STK36,+
Late,chr2:168017095-168058737,STK39,-
Early,chr8:79611214-79616822,STMN2,+
Early,chr8:79613937-79616822,STMN2,+
Early,chr15:74193136-74193800,STRA6,-
Early,chr15:74185056-74185310,STRA6,-
Early,chr15:74195469-74195584,STRA6,-
Early,chr15:74191491-74193067,STRA6,-
Early,chr3:120908416-120909571,STXBP5L,+
Early,chr3:120908428-120909571,STXBP5L,+
Late,chr7:849603-851384,SUN1,+
Early,chr6:152130778-152132122,SYNE1,-
Early,chr6:152122676-152130720,SYNE1,-
Intermediate,chr6:158017290-158019984,SYNJ2,+
Late,chr5:150624907-150647944,SYNPO,+
Intermediate,chr7:106096302-106097690,SYPL1,-
Intermediate,chr7:106093137-106096293,SYPL1,-
Early,chr11:61547620-61551384,SYT7,-
Early,chr11:61547308-61547530,SYT7,-
Early,chr11:61533124-61547530,SYT7,-
Intermediate,chr18:26293531-26295195,TAF4B,+
Intermediate,chr18:26295314-26315229,TAF4B,+
Late,chr2:161161104-161161285,TANK,+
Intermediate,chr1:234400948-234401181,TARBP1,-
Late,chr7:139787426-139788213,TBXAS1,+
Intermediate,chr20:64063384-64066476,TCEA2,+
Late,chr11:12862314-12864686,TEAD1,+
Early,chr21:9124421-9127489,TEKT4P2,-
Early,chr21:9121378-9124362,TEKT4P2,-
Late,chr4:182598822-182600924,TENM3,+
Early,chr14:20372857-20373011,TEP1,-
Late,chr8:73027052-73030336,TERF1,+
Late,chr8:73030395-73032042,TERF1,+
Late,chr8:55811097-55813040,TGS1,+
Late,chr6:169233017-169237170,THBS2,-
Early,chr1:155206406-155207798,THBS3,-
Late,chr2:70229091-70229264,TIA1,-
Late,chr11:61335937-61336204,TKFC,+
Early,chr12:43836196-43836744,TMEM117,+
Early,chr12:43836884-43844624,TMEM117,+
Early,chr12:43836901-43844624,TMEM117,+
Late,chr4:158244349-158245324,TMEM144,+
Late,chr4:158245404-158253444,TMEM144,+
Early,chr1:32217124-32217259,TMEM234,-
Early,chr14:56634952-56635122,TMEM260,+
Late,chr12:106956065-106957082,TMEM263,+
Intermediate,chr3:119435935-119436791,TMEM39A,-
Late,chr6:44135096-44135328,TMEM63B,+
Late,chr6:44135366-44136349,TMEM63B,+
Intermediate,chr13:100642311-100662964,TMTC4,-
Late,chr17:7549618-7550120,TNFSF12,+
Early,chr3:171139556-171140399,TNIK,-
Early,chr3:171138379-171139470,TNIK,-
Late,chr20:63887605-63889190,TPD52L2,+
Intermediate,chr2:3457693-3457795,TRAPPC12,+
Intermediate,chr2:3457693-3458462,TRAPPC12,+
Intermediate,chr2:3458515-3460263,TRAPPC12,+
Ambiguous,chr5:65652545-65655636,TRAPPC13,+
Ambiguous,chr5:65655653-65658368,TRAPPC13,+
Early,chr17:75891878-75892011,TRIM65,-
Intermediate,chr5:14488260-14489030,TRIO,+
Intermediate,chr5:14489097-14492567,TRIO,+
Intermediate,chr22:37759264-37765670,TRIOBP,+
Early,chr22:37738719-37751772,TRIOBP,+
Early,chr9:37763865-37768076,TRMT10B,+
Intermediate,chr7:98881250-98881695,TRRAP,+
Intermediate,chr7:98881736-98881975,TRRAP,+
Early,chr12:30983150-30983310,TSPAN11,+
Late,chr7:120810570-120814005,TSPAN12,-
Late,chr21:44511071-44515497,TSPEAR-AS1,+
Early,chr17:58309380-58309967,TSPOAP1,-
Late,chr14:88831647-88833693,TTC8,+
Early,chr8:102239898-102244005,UBR5-DT,+
Early,chr17:44212454-44212819,UBTF,-
Early,chr17:44212006-44212344,UBTF,-
Late,chr13:95887393-95887892,UGGT2,-
Intermediate,chr19:17653320-17655274,UNC13A,-
Early,chr19:17623216-17623542,UNC13A,-
Early,chr19:17642541-17642845,UNC13A,-
Intermediate,chr19:17630750-17631476,UNC13A,-
Early,chr19:17641556-17642414,UNC13A,-
Early,chr19:17621871-17623117,UNC13A,-
Intermediate,chr19:17652677-17652953,UNC13A,-
Intermediate,chr19:17618962-17623118,UNC13A,-
Early,chr10:11921307-11926922,UPF2,-
Early,chr3:179701179-179706934,USP13,+
Early,chr16:23073880-23079996,USP31,-
Intermediate,chr10:11487871-11489102,USP6NL,-
Intermediate,chr10:11485911-11487803,USP6NL,-
Late,chr9:133785885-133787246,VAV2,-
Early,chr9:77283471-77283547,VPS13A,+
Early,chr12:110499546-110502049,VPS29,-
Early,chr12:110496203-110499535,VPS29,-
Early,chr10:112527164-112533530,VTI1A,+
Early,chr10:112533550-112538246,VTI1A,+
Early,chrX:156021148-156021694,WASH6P,+
Early,chr7:123684580-123692347,WASL,-
Late,chr4:84803467-84808334,WDFY3,-
Intermediate,chr2:19978167-19978751,WDR35,-
Intermediate,chr2:19975663-19977925,WDR35,-
Early,chr21:42843281-42850041,WDR4,-
Late,chr19:15437129-15442676,WIZ,-
Late,chr12:880031-881692,WNK1,+
Late,chr17:27306882-27307744,WSB1,+
Late,chr16:78118500-78118955,WWOX,+
Early,chr5:733156-733752,ZDHHC11B,-
Late,chr10:97453846-97454714,ZDHHC16,+
Intermediate,chr11:58616815-58616993,ZFP91,+
Intermediate,chr11:58617054-58617196,ZFP91,+
Intermediate,chr20:63709164-63732003,ZGPAT,+
Intermediate,chr20:63732045-63733219,ZGPAT,+
Early,chr3:44568433-44582972,ZKSCAN7,+
Early,chr3:179071447-179071595,ZMAT3,-
Early,chr3:179067809-179071327,ZMAT3,-
Early,chr7:64794571-64814918,ZNF138,+
Intermediate,chrX:47411919-47412369,ZNF157,+
Late,chrX:152932971-152936418,ZNF185,+
Early,chr11:3362602-3363303,ZNF195,-
Late,chr17:32365487-32367772,ZNF207,+
Early,chr19:9418895-9419051,ZNF266,-
Early,chr19:9418631-9418762,ZNF266,-
Early,chr19:36605521-36607552,ZNF382,+
Early,chr19:37218274-37230409,ZNF383,+
Late,chr12:6678710-6678946,ZNF384,-
Late,chr12:6678460-6678663,ZNF384,-
Early,chr19:52414368-52414939,ZNF528,+
Early,chr19:36572392-36573043,ZNF529,-
Early,chr19:36202050-36203447,ZNF565,-
Early,chr19:37466805-37467083,ZNF569,-
Early,chr19:37469655-37470304,ZNF570,+
Early,chr5:124746283-124748533,ZNF608,-
Early,chr5:124637906-124638782,ZNF608,-
Early,chrX:48060203-48060450,ZNF630,-
Early,chr19:23747101-23754823,ZNF681,-
Early,chr19:23755551-23758747,ZNF681,-
Early,chr19:23745323-23754823,ZNF681,-
Late,chr19:11925273-11947172,ZNF700,+
Early,chr19:40050377-40055416,ZNF780B,-
Early,chr19:20409956-20417666,ZNF826P,-
Early,chr19:20406132-20408950,ZNF826P,-
Early,chr19:20409045-20409830,ZNF826P,-
Early,chr19:20409956-20424786,ZNF826P,-
Intermediate,chr19:20105316-20117781,ZNF90,+
